state,district,census_district,population,infrastructure_gap,population_source,population_source_url,infrastructure_gap_source,infrastructure_gap_source_url,note
Andhra Pradesh,Anantapur,Anantapur,4081148,63.2,"Census of India 2011, Series A-1",https://censusindia.gov.in/nada/index.php/catalog/42526,"Census of India 2011, HL-11",https://censusindia.gov.in/nada/index.php/catalog/8941,
Andhra Pradesh,Tirupati,,2240000,,"Andhra Pradesh district portal (official)",https://tirupati.ap.gov.in/,,,"Post-2022 bifurcation district carved out of Chittoor and Nellore; no Census 2011 row exists, so population is the official AP district profile figure (22.40 lakh). Infrastructure gap not available."
Andhra Pradesh,East Godavari,East Godavari,5154296,43.1,"Census of India 2011, Series A-1",https://censusindia.gov.in/nada/index.php/catalog/42526,"Census of India 2011, HL-11",https://censusindia.gov.in/nada/index.php/catalog/8941,
Andhra Pradesh,Guntur,Guntur,4887813,40.8,"Census of India 2011, Series A-1",https://censusindia.gov.in/nada/index.php/catalog/42526,"Census of India 2011, HL-11",https://censusindia.gov.in/nada/index.php/catalog/8941,
Andhra Pradesh,Krishna,Krishna,4517398,29.6,"Census of India 2011, Series A-1",https://censusindia.gov.in/nada/index.php/catalog/42526,"Census of India 2011, HL-11",https://censusindia.gov.in/nada/index.php/catalog/8941,"Census 2011 Krishna (pre-2022 residuary) includes Vijayawada and Machilipatnam; the seed corpus files urban Krishna signals under the post-2022 NTR district."
Andhra Pradesh,Kurnool,Kurnool,4053463,59.7,"Census of India 2011, Series A-1",https://censusindia.gov.in/nada/index.php/catalog/42526,"Census of India 2011, HL-11",https://censusindia.gov.in/nada/index.php/catalog/8941,
Andhra Pradesh,NTR,,2218591,,"Andhra Pradesh district portal (official)",https://ntr.ap.gov.in/,,,"Post-2022 district centred on Vijayawada, carved out of Krishna; no Census 2011 row exists, so population is the official AP district profile figure (22,18,591). Infrastructure gap not available."
Andhra Pradesh,Prakasam,Prakasam,3397448,62.5,"Census of India 2011, Series A-1",https://censusindia.gov.in/nada/index.php/catalog/42526,"Census of India 2011, HL-11",https://censusindia.gov.in/nada/index.php/catalog/8941,
Andhra Pradesh,Sri Potti Sriramulu Nellore,Sri Potti Sriramulu Nellore,2963557,60.4,"Census of India 2011, Series A-1",https://censusindia.gov.in/nada/index.php/catalog/42526,"Census of India 2011, HL-11",https://censusindia.gov.in/nada/index.php/catalog/8941,
Andhra Pradesh,Sri Srikakulam,Srikakulam,2703114,78.8,"Census of India 2011, Series A-1",https://censusindia.gov.in/nada/index.php/catalog/42526,"Census of India 2011, HL-11",https://censusindia.gov.in/nada/index.php/catalog/8941,Census 2011 district name is Srikakulam.
Andhra Pradesh,Visakhapatnam,Visakhapatnam,4290589,48.7,"Census of India 2011, Series A-1",https://censusindia.gov.in/nada/index.php/catalog/42526,"Census of India 2011, HL-11",https://censusindia.gov.in/nada/index.php/catalog/8941,
Andhra Pradesh,Vizianagaram,Vizianagaram,2344474,78.0,"Census of India 2011, Series A-1",https://censusindia.gov.in/nada/index.php/catalog/42526,"Census of India 2011, HL-11",https://censusindia.gov.in/nada/index.php/catalog/8941,
Andhra Pradesh,YSR Kadapa,Y.S.R.,2882469,55.2,"Census of India 2011, Series A-1",https://censusindia.gov.in/nada/index.php/catalog/42526,"Census of India 2011, HL-11",https://censusindia.gov.in/nada/index.php/catalog/8941,Census 2011 district name is Y.S.R.
Karnataka,Bengaluru Urban,Bangalore,9621551,5.2,"Census of India 2011, Series A-1",https://censusindia.gov.in/nada/index.php/catalog/42526,"Census of India 2011, HL-11",https://censusindia.gov.in/nada/index.php/catalog/8956,Census 2011 district name is Bangalore.
Karnataka,Mysuru,Mysore,3001127,45.0,"Census of India 2011, Series A-1",https://censusindia.gov.in/nada/index.php/catalog/42526,"Census of India 2011, HL-11",https://censusindia.gov.in/nada/index.php/catalog/8956,Census 2011 district name is Mysore.
Karnataka,Dharwad,Dharwad,1847023,43.0,"Census of India 2011, Series A-1",https://censusindia.gov.in/nada/index.php/catalog/42526,"Census of India 2011, HL-11",https://censusindia.gov.in/nada/index.php/catalog/8956,
Karnataka,Dakshina Kannada,Dakshina Kannada,2089649,7.3,"Census of India 2011, Series A-1",https://censusindia.gov.in/nada/index.php/catalog/42526,"Census of India 2011, HL-11",https://censusindia.gov.in/nada/index.php/catalog/8956,
Telangana,Hyderabad,Hyderabad,3943323,1.5,"Census of India 2011, Series A-1",https://censusindia.gov.in/nada/index.php/catalog/42526,"Census of India 2011, HL-11",https://censusindia.gov.in/nada/index.php/catalog/8941,In 2011 Telangana was part of Andhra Pradesh, so the figures come from the Andhra Pradesh census file.
Telangana,Warangal,Warangal,3512576,56.3,"Census of India 2011, Series A-1",https://censusindia.gov.in/nada/index.php/catalog/42526,"Census of India 2011, HL-11",https://censusindia.gov.in/nada/index.php/catalog/8941,"Census 2011 Warangal reflects the pre-2016 delimitation geography; in 2011 Telangana was part of Andhra Pradesh."
Telangana,Nizamabad,Nizamabad,2551335,58.4,"Census of India 2011, Series A-1",https://censusindia.gov.in/nada/index.php/catalog/42526,"Census of India 2011, HL-11",https://censusindia.gov.in/nada/index.php/catalog/8941,"Census 2011 Nizamabad as constituted in 2011; in 2011 Telangana was part of Andhra Pradesh."
Maharashtra,Mumbai Suburban,Mumbai Suburban,9356962,45.3,"Census of India 2011, Series A-1",https://censusindia.gov.in/nada/index.php/catalog/42526,"Census of India 2011, HL-11",https://censusindia.gov.in/nada/index.php/catalog/8960,
Maharashtra,Pune,Pune,9429408,26.2,"Census of India 2011, Series A-1",https://censusindia.gov.in/nada/index.php/catalog/42526,"Census of India 2011, HL-11",https://censusindia.gov.in/nada/index.php/catalog/8960,
Maharashtra,Nagpur,Nagpur,4653570,24.3,"Census of India 2011, Series A-1",https://censusindia.gov.in/nada/index.php/catalog/42526,"Census of India 2011, HL-11",https://censusindia.gov.in/nada/index.php/catalog/8960,
Delhi,New Delhi,New Delhi,142004,22.1,"Census of India 2011, Series A-1",https://censusindia.gov.in/nada/index.php/catalog/42526,"Census of India 2011, HL-11",https://censusindia.gov.in/nada/index.php/catalog/8949,