state,district,scheme,financial_year,grain,allocated_crore,expenditure_crore,source,source_url,note
"Andaman & Nicobar Islands",,"Jal Jeevan Mission (central share)","2024-25",state,2.98,0.61,"Ministry of Jal Shakti, Jal Jeevan Mission report Format D1 - State wise Allocation, Release, Expenditure (FY 2024-25, month March)","https://ejalshakti.gov.in/JJM/JJMReports/Financial/JJMRep_StatewiseAllocationReleaseExpenditure.aspx",""
"Andhra Pradesh",,"Jal Jeevan Mission (central share)","2024-25",state,2520.97,973.52,"Ministry of Jal Shakti, Jal Jeevan Mission report Format D1 - State wise Allocation, Release, Expenditure (FY 2024-25, month March)","https://ejalshakti.gov.in/JJM/JJMReports/Financial/JJMRep_StatewiseAllocationReleaseExpenditure.aspx",""
"Arunachal Pradesh",,"Jal Jeevan Mission (central share)","2024-25",state,217.82,88.99,"Ministry of Jal Shakti, Jal Jeevan Mission report Format D1 - State wise Allocation, Release, Expenditure (FY 2024-25, month March)","https://ejalshakti.gov.in/JJM/JJMReports/Financial/JJMRep_StatewiseAllocationReleaseExpenditure.aspx",""
"Assam",,"Jal Jeevan Mission (central share)","2024-25",state,5198.78,3144.86,"Ministry of Jal Shakti, Jal Jeevan Mission report Format D1 - State wise Allocation, Release, Expenditure (FY 2024-25, month March)","https://ejalshakti.gov.in/JJM/JJMReports/Financial/JJMRep_StatewiseAllocationReleaseExpenditure.aspx",""
"Bihar",,"Jal Jeevan Mission (central share)","2024-25",state,0.00,0.00,"Ministry of Jal Shakti, Jal Jeevan Mission report Format D1 - State wise Allocation, Release, Expenditure (FY 2024-25, month March)","https://ejalshakti.gov.in/JJM/JJMReports/Financial/JJMRep_StatewiseAllocationReleaseExpenditure.aspx","No central JJM allocation recorded under this programme head for FY 2024-25; shown as zero, not missing."
"Chhattisgarh",,"Jal Jeevan Mission (central share)","2024-25",state,1277.27,3498.04,"Ministry of Jal Shakti, Jal Jeevan Mission report Format D1 - State wise Allocation, Release, Expenditure (FY 2024-25, month March)","https://ejalshakti.gov.in/JJM/JJMReports/Financial/JJMRep_StatewiseAllocationReleaseExpenditure.aspx",""
"Dadra & Nagar Haveli And Daman & Diu",,"Jal Jeevan Mission (central share)","2024-25",state,0.00,0.00,"Ministry of Jal Shakti, Jal Jeevan Mission report Format D1 - State wise Allocation, Release, Expenditure (FY 2024-25, month March)","https://ejalshakti.gov.in/JJM/JJMReports/Financial/JJMRep_StatewiseAllocationReleaseExpenditure.aspx","No central JJM allocation recorded under this programme head for FY 2024-25; shown as zero, not missing."
"Goa",,"Jal Jeevan Mission (central share)","2024-25",state,4.32,7.94,"Ministry of Jal Shakti, Jal Jeevan Mission report Format D1 - State wise Allocation, Release, Expenditure (FY 2024-25, month March)","https://ejalshakti.gov.in/JJM/JJMReports/Financial/JJMRep_StatewiseAllocationReleaseExpenditure.aspx",""
"Gujarat",,"Jal Jeevan Mission (central share)","2024-25",state,2420.14,3516.19,"Ministry of Jal Shakti, Jal Jeevan Mission report Format D1 - State wise Allocation, Release, Expenditure (FY 2024-25, month March)","https://ejalshakti.gov.in/JJM/JJMReports/Financial/JJMRep_StatewiseAllocationReleaseExpenditure.aspx",""
"Haryana",,"Jal Jeevan Mission (central share)","2024-25",state,462.03,288.48,"Ministry of Jal Shakti, Jal Jeevan Mission report Format D1 - State wise Allocation, Release, Expenditure (FY 2024-25, month March)","https://ejalshakti.gov.in/JJM/JJMReports/Financial/JJMRep_StatewiseAllocationReleaseExpenditure.aspx",""
"Himachal Pradesh",,"Jal Jeevan Mission (central share)","2024-25",state,916.53,208.87,"Ministry of Jal Shakti, Jal Jeevan Mission report Format D1 - State wise Allocation, Release, Expenditure (FY 2024-25, month March)","https://ejalshakti.gov.in/JJM/JJMReports/Financial/JJMRep_StatewiseAllocationReleaseExpenditure.aspx",""
"Jammu & Kashmir",,"Jal Jeevan Mission (central share)","2024-25",state,2112.86,1477.46,"Ministry of Jal Shakti, Jal Jeevan Mission report Format D1 - State wise Allocation, Release, Expenditure (FY 2024-25, month March)","https://ejalshakti.gov.in/JJM/JJMReports/Financial/JJMRep_StatewiseAllocationReleaseExpenditure.aspx",""
"Jharkhand",,"Jal Jeevan Mission (central share)","2024-25",state,2114.22,1301.16,"Ministry of Jal Shakti, Jal Jeevan Mission report Format D1 - State wise Allocation, Release, Expenditure (FY 2024-25, month March)","https://ejalshakti.gov.in/JJM/JJMReports/Financial/JJMRep_StatewiseAllocationReleaseExpenditure.aspx",""
"Karnataka",,"Jal Jeevan Mission (central share)","2024-25",state,3804.41,10842.68,"Ministry of Jal Shakti, Jal Jeevan Mission report Format D1 - State wise Allocation, Release, Expenditure (FY 2024-25, month March)","https://ejalshakti.gov.in/JJM/JJMReports/Financial/JJMRep_StatewiseAllocationReleaseExpenditure.aspx",""
"Kerala",,"Jal Jeevan Mission (central share)","2024-25",state,1949.36,2484.83,"Ministry of Jal Shakti, Jal Jeevan Mission report Format D1 - State wise Allocation, Release, Expenditure (FY 2024-25, month March)","https://ejalshakti.gov.in/JJM/JJMReports/Financial/JJMRep_StatewiseAllocationReleaseExpenditure.aspx",""
"Ladakh",,"Jal Jeevan Mission (central share)","2024-25",state,624.78,181.04,"Ministry of Jal Shakti, Jal Jeevan Mission report Format D1 - State wise Allocation, Release, Expenditure (FY 2024-25, month March)","https://ejalshakti.gov.in/JJM/JJMReports/Financial/JJMRep_StatewiseAllocationReleaseExpenditure.aspx",""
"Lakshadweep",,"Jal Jeevan Mission (central share)","2024-25",state,0.75,3.17,"Ministry of Jal Shakti, Jal Jeevan Mission report Format D1 - State wise Allocation, Release, Expenditure (FY 2024-25, month March)","https://ejalshakti.gov.in/JJM/JJMReports/Financial/JJMRep_StatewiseAllocationReleaseExpenditure.aspx",""
"Madhya Pradesh",,"Jal Jeevan Mission (central share)","2024-25",state,4044.70,12874.47,"Ministry of Jal Shakti, Jal Jeevan Mission report Format D1 - State wise Allocation, Release, Expenditure (FY 2024-25, month March)","https://ejalshakti.gov.in/JJM/JJMReports/Financial/JJMRep_StatewiseAllocationReleaseExpenditure.aspx",""
"Maharashtra",,"Jal Jeevan Mission (central share)","2024-25",state,5352.93,5385.71,"Ministry of Jal Shakti, Jal Jeevan Mission report Format D1 - State wise Allocation, Release, Expenditure (FY 2024-25, month March)","https://ejalshakti.gov.in/JJM/JJMReports/Financial/JJMRep_StatewiseAllocationReleaseExpenditure.aspx",""
"Manipur",,"Jal Jeevan Mission (central share)","2024-25",state,0.00,34.90,"Ministry of Jal Shakti, Jal Jeevan Mission report Format D1 - State wise Allocation, Release, Expenditure (FY 2024-25, month March)","https://ejalshakti.gov.in/JJM/JJMReports/Financial/JJMRep_StatewiseAllocationReleaseExpenditure.aspx","No central JJM allocation recorded under this programme head for FY 2024-25; shown as zero, not missing."
"Meghalaya",,"Jal Jeevan Mission (central share)","2024-25",state,653.60,753.65,"Ministry of Jal Shakti, Jal Jeevan Mission report Format D1 - State wise Allocation, Release, Expenditure (FY 2024-25, month March)","https://ejalshakti.gov.in/JJM/JJMReports/Financial/JJMRep_StatewiseAllocationReleaseExpenditure.aspx",""
"Mizoram",,"Jal Jeevan Mission (central share)","2024-25",state,45.09,28.57,"Ministry of Jal Shakti, Jal Jeevan Mission report Format D1 - State wise Allocation, Release, Expenditure (FY 2024-25, month March)","https://ejalshakti.gov.in/JJM/JJMReports/Financial/JJMRep_StatewiseAllocationReleaseExpenditure.aspx",""
"Nagaland",,"Jal Jeevan Mission (central share)","2024-25",state,39.75,66.06,"Ministry of Jal Shakti, Jal Jeevan Mission report Format D1 - State wise Allocation, Release, Expenditure (FY 2024-25, month March)","https://ejalshakti.gov.in/JJM/JJMReports/Financial/JJMRep_StatewiseAllocationReleaseExpenditure.aspx",""
"Odisha",,"Jal Jeevan Mission (central share)","2024-25",state,2455.94,3588.02,"Ministry of Jal Shakti, Jal Jeevan Mission report Format D1 - State wise Allocation, Release, Expenditure (FY 2024-25, month March)","https://ejalshakti.gov.in/JJM/JJMReports/Financial/JJMRep_StatewiseAllocationReleaseExpenditure.aspx",""
"Puducherry",,"Jal Jeevan Mission (central share)","2024-25",state,12.58,5.34,"Ministry of Jal Shakti, Jal Jeevan Mission report Format D1 - State wise Allocation, Release, Expenditure (FY 2024-25, month March)","https://ejalshakti.gov.in/JJM/JJMReports/Financial/JJMRep_StatewiseAllocationReleaseExpenditure.aspx",""
"Punjab",,"Jal Jeevan Mission (central share)","2024-25",state,644.54,301.93,"Ministry of Jal Shakti, Jal Jeevan Mission report Format D1 - State wise Allocation, Release, Expenditure (FY 2024-25, month March)","https://ejalshakti.gov.in/JJM/JJMReports/Financial/JJMRep_StatewiseAllocationReleaseExpenditure.aspx",""
"Rajasthan",,"Jal Jeevan Mission (central share)","2024-25",state,11061.46,5384.89,"Ministry of Jal Shakti, Jal Jeevan Mission report Format D1 - State wise Allocation, Release, Expenditure (FY 2024-25, month March)","https://ejalshakti.gov.in/JJM/JJMReports/Financial/JJMRep_StatewiseAllocationReleaseExpenditure.aspx",""
"Sikkim",,"Jal Jeevan Mission (central share)","2024-25",state,124.50,89.38,"Ministry of Jal Shakti, Jal Jeevan Mission report Format D1 - State wise Allocation, Release, Expenditure (FY 2024-25, month March)","https://ejalshakti.gov.in/JJM/JJMReports/Financial/JJMRep_StatewiseAllocationReleaseExpenditure.aspx",""
"Tamil Nadu",,"Jal Jeevan Mission (central share)","2024-25",state,2438.89,4676.70,"Ministry of Jal Shakti, Jal Jeevan Mission report Format D1 - State wise Allocation, Release, Expenditure (FY 2024-25, month March)","https://ejalshakti.gov.in/JJM/JJMReports/Financial/JJMRep_StatewiseAllocationReleaseExpenditure.aspx",""
"Telangana",,"Jal Jeevan Mission (central share)","2024-25",state,0.00,0.00,"Ministry of Jal Shakti, Jal Jeevan Mission report Format D1 - State wise Allocation, Release, Expenditure (FY 2024-25, month March)","https://ejalshakti.gov.in/JJM/JJMReports/Financial/JJMRep_StatewiseAllocationReleaseExpenditure.aspx","No central JJM allocation recorded under this programme head for FY 2024-25; shown as zero, not missing."
"Tripura",,"Jal Jeevan Mission (central share)","2024-25",state,736.75,543.84,"Ministry of Jal Shakti, Jal Jeevan Mission report Format D1 - State wise Allocation, Release, Expenditure (FY 2024-25, month March)","https://ejalshakti.gov.in/JJM/JJMReports/Financial/JJMRep_StatewiseAllocationReleaseExpenditure.aspx",""
"Uttar Pradesh",,"Jal Jeevan Mission (central share)","2024-25",state,12621.95,19586.62,"Ministry of Jal Shakti, Jal Jeevan Mission report Format D1 - State wise Allocation, Release, Expenditure (FY 2024-25, month March)","https://ejalshakti.gov.in/JJM/JJMReports/Financial/JJMRep_StatewiseAllocationReleaseExpenditure.aspx",""
"Uttarakhand",,"Jal Jeevan Mission (central share)","2024-25",state,1016.80,762.47,"Ministry of Jal Shakti, Jal Jeevan Mission report Format D1 - State wise Allocation, Release, Expenditure (FY 2024-25, month March)","https://ejalshakti.gov.in/JJM/JJMReports/Financial/JJMRep_StatewiseAllocationReleaseExpenditure.aspx",""
"West Bengal",,"Jal Jeevan Mission (central share)","2024-25",state,5049.98,7908.61,"Ministry of Jal Shakti, Jal Jeevan Mission report Format D1 - State wise Allocation, Release, Expenditure (FY 2024-25, month March)","https://ejalshakti.gov.in/JJM/JJMReports/Financial/JJMRep_StatewiseAllocationReleaseExpenditure.aspx",""
